{"_id":{"$oid":"5b438a0006de1e4dc414490c"},"numeroAluno":1,"nomeAluno":"Bruno","dataNascimento":{"$date":"2018-06-25T00:00:00.000Z"},"contacto":11,"processo":{"_id":{"$oid":"5b438a0006de1e4dc414490d"},"estado":"acompanhamento","anoLetivo":"2018-2019","assistenteSocial":1,"numeroInterno":1,"dataRegisto":{"$date":"2018-07-09T16:14:56.634Z"},"observacoes":"aaaaaaaaa","problema":{"_id":{"$oid":"5b438a0006de1e4dc414490e"},"descricao":"bbbbbbbbbb","tipo":"absentismo","data":{"$date":"2018-07-10T00:00:00.000Z"},"acoes":[{"_id":{"$oid":"5b439877d141d57110bc03a8"},"data":{"$date":"2018-07-10T00:00:00.000Z"},"tipo":"suspensão","descricao":"aaaaaaaaaaa"},{"_id":{"$oid":"5b43a2f221c8ed703053ad30"},"data":{"$date":"2018-07-10T00:00:00.000Z"},"tipo":"reunião","descricao":"aaaa"}]},"entidade":{"_id":{"$oid":"5b438a0006de1e4dc414490f"},"id":1,"nome":"GNR","contacto":123456789}},"__v":0}
{"_id":{"$oid":"5b438b80eb13b70b0435ef1f"},"numeroAluno":2,"nomeAluno":"Alexandra","dataNascimento":{"$date":"2018-07-04T00:00:00.000Z"},"contacto":1112312,"processo":{"_id":{"$oid":"5b438b80eb13b70b0435ef20"},"estado":"acompanhamento","anoLetivo":"2018-2019","assistenteSocial":1,"numeroInterno":2,"dataRegisto":{"$date":"2018-07-09T16:21:20.449Z"},"observacoes":"aaaa","problema":{"_id":{"$oid":"5b438b80eb13b70b0435ef21"},"descricao":"aaaa","tipo":"absentismo","data":{"$date":"2018-07-24T00:00:00.000Z"},"acoes":[{"_id":{"$oid":"5b43a11a8c7c213bf8fd84e6"},"data":{"$date":"2018-07-10T00:00:00.000Z"},"tipo":"reunião","descricao":"fdf"}]},"entidade":{"_id":{"$oid":"5b438b80eb13b70b0435ef22"},"id":1,"nome":"GNR","contacto":123456789}},"__v":0}
{"_id":{"$oid":"5b438bf0eb13b70b0435ef29"},"numeroAluno":3,"nomeAluno":"Andreia","dataNascimento":{"$date":"2017-04-26T00:00:00.000Z"},"contacto":123123,"processo":{"_id":{"$oid":"5b438bf0eb13b70b0435ef2a"},"estado":"acompanhamento","anoLetivo":"2018-2019","assistenteSocial":1,"numeroInterno":3,"dataRegisto":{"$date":"2018-07-09T16:23:12.057Z"},"observacoes":"12321321","problema":{"_id":{"$oid":"5b438bf0eb13b70b0435ef2b"},"descricao":"asaadsasd","tipo":"indisciplina","data":{"$date":"2018-07-17T00:00:00.000Z"},"acoes":[{"_id":{"$oid":"5b43a259d3486970f054adba"},"data":{"$date":"2018-07-03T00:00:00.000Z"},"tipo":"expulsão","descricao":"aaa"},{"_id":{"$oid":"5b43a282d3486970f054adc1"},"data":{"$date":"2018-07-04T00:00:00.000Z"},"tipo":"expulsão","descricao":"aaa"}]},"entidade":{"_id":{"$oid":"5b438bf0eb13b70b0435ef2c"},"id":1,"nome":"GNR","contacto":123456789}},"__v":0}
{"_id":{"$oid":"5b438dc968f3d33e58f962cb"},"numeroAluno":3,"nomeAluno":"Andreia","dataNascimento":{"$date":"2017-04-26T00:00:00.000Z"},"contacto":123123,"processo":{"_id":{"$oid":"5b438dc968f3d33e58f962cc"},"numeroInterno":4,"anoLetivo":"2018-2019","estado":"aberto","assistenteSocial":1,"dataRegisto":{"$date":"2018-07-09T16:31:05.004Z"},"observacoes":"ffdr","problema":{"_id":{"$oid":"5b438dc968f3d33e58f962cd"},"descricao":"jhbiugb","tipo":"absentismo","data":{"$date":"2018-07-10T00:00:00.000Z"},"acoes":[]},"entidade":{"_id":{"$oid":"5b438dc968f3d33e58f962ce"},"id":1,"nome":"GNR","contacto":123456789}},"__v":0}
{"_id":{"$oid":"5b4481fcccc9732754de0d41"},"numeroAluno":1,"nomeAluno":"Bruno","dataNascimento":{"$date":"2018-06-25T00:00:00.000Z"},"contacto":11,"processo":{"_id":{"$oid":"5b4481fcccc9732754de0d42"},"numeroInterno":5,"anoLetivo":"2018-2019","estado":"aberto","assistenteSocial":1,"dataRegisto":{"$date":"2018-07-10T09:53:00.326Z"},"observacoes":"aaaaaa","problema":{"_id":{"$oid":"5b4481fcccc9732754de0d43"},"descricao":"aaaaa","tipo":"absentismo","data":{"$date":"2018-06-30T00:00:00.000Z"},"acoes":[]},"entidade":{"_id":{"$oid":"5b4481fcccc9732754de0d44"},"id":1,"nome":"GNR","contacto":123456789}},"__v":0}
